case,group,top,input_sha256,expect_ref,baseline_rc,baseline_total,baseline_comb,baseline_dff,baseline_pre_pmux,baseline_pre_s_widths,baseline_check_assert,optimized_rc,optimized_total,optimized_comb,optimized_dff,optimized_pre_pmux,optimized_post_pmux,optimized_pre_s_widths,optimized_check_assert,h2_candidate,h2_rebuilt,pairswap_rebuilt,branch_const_fold,branch_expr_fold,guard_aware
a1_width4_bit0,A,a1_width4_bit0,69e98ef32f661fd8ff389b5551985752ab8fd35e9495092086ba13b22e1d8bc4,,0,25,25,0,2,"4,4",True,0,16,16,0,2,2,"4,4",True,0,0,1,0,0,0
a2_width4_bit1,A,a2_width4_bit1,770ca226f594011eb4d5e5bee0e2591be4ed66fe858fbc5f0fa58d4be1c34d42,,0,25,25,0,2,"4,4",True,0,16,16,0,2,2,"4,4",True,0,0,1,0,0,0
a3_width8_bit2,A,a3_width8_bit2,273244fffd85466f00c7ebba09329dd501800d2f16b43e449943e96b7a77b8c8,,0,88,88,0,2,"8,8",True,0,65,65,0,2,2,"8,8",True,0,0,1,0,0,0
a4_half_swap,A,a4_half_swap,ac26fc31e38bb0a1c3188d6b5248885c815858fc3b748781db1568ed5af90993,,0,25,25,0,2,"4,4",True,0,25,25,0,2,2,"4,4",True,0,0,0,0,0,0
a5_one_special,A,a5_one_special,cf979eedfdcdbb6b32183383c47f9b1db246621a7c0ff4c1fda7e3f7e12ff905,,0,88,88,0,2,"8,8",True,0,88,88,0,2,2,"8,8",True,0,0,0,0,0,0
a6_shuffled_order,A,a6_shuffled_order,209584048bf9a06382148fcc6eed4e6f95f5cc157baeefe54c65b0e0f5a97f15,,0,88,88,0,2,"8,8",True,0,65,65,0,2,2,"8,8",True,0,0,1,0,0,0
a7_partial_decode,A,a7_partial_decode,8dbe7340538c6f0f52e65c6395d8f01b084e522f5c7fb0ff84127d4ad853a67d,,0,80,80,0,2,"4,4",True,0,80,80,0,2,2,"4,4",True,0,0,0,0,0,0
a8_false_positive,A,a8_false_positive,a31a74384e579ac4d4fb7d6008843e24534763b6b64c350c16ca76c61ea6095b,,0,49,49,0,2,"4,4",True,0,49,49,0,2,2,"4,4",True,0,0,0,0,0,0
a9_three_pmux,A,a9_three_pmux,be2394cc22aaa59073f2639debaf7c926a3028f2659f69bfd0ac6ee3f35d4e5a,,0,61,61,0,3,"4,4,4",True,0,44,44,0,3,3,"4,4,4",True,0,0,1,0,0,0
b10_two_controls,B,b10_two_controls,8fe7d2a989aaa7596af40e4eebac515d238a911c4830bd5cade96d74a9491aaa,,0,40,24,16,2,"2,2",True,0,36,20,16,2,2,"2,2",True,0,0,0,2,0,0
b11_repeated_bits,B,b11_repeated_bits,b1713b823ae1416722522cdb046a4be88ae4f00b77c051e296f7007435fe4cb0,,0,13,5,8,1,2,True,0,5,1,4,1,1,2,True,0,0,0,1,0,0
b12_zero_selector,B,b12_zero_selector,b305e743d2f73e115d81817ad73d171dcac1b8518239dae4370d4dedaf4da2c3,,0,19,11,8,1,2,True,0,18,10,8,1,1,2,True,0,0,0,1,0,0
b13_combinational,B,b13_combinational,0caeafe550d8f0413fbeee8cf9f00b9718bab21cb4570515f4695fb9cc77f19f,,0,14,14,0,1,3,True,0,14,14,0,1,1,3,True,0,0,0,1,0,0
b14_independent_pmux,B,b14_independent_pmux,1e4c501a3820bb07c71f57a1aba476625b00e0a39670d7644d2cd486d9dac4dc,,0,36,20,16,2,"2,2",True,0,36,20,16,2,2,"2,2",True,0,0,0,2,0,0
b1_basic,B,b1_basic,5088af844a4b7b0647ee6d6bb28c14dd8fb1def67e62d917784c80b99ec46855,,0,18,12,6,1,3,True,0,15,9,6,1,1,3,True,0,0,0,1,0,0
b2_width12,B,b2_width12,079f815b3cd49299d786bf5aad4f86e919e93b43fd5e05bf1b8419711bc51d8c,,0,30,18,12,1,3,True,0,30,18,12,1,1,3,True,0,0,0,1,0,0
b3_partial_decode,B,b3_partial_decode,8693f892b458c87f0a4d19f8c3d09003377051e8f57509cca8a55d48e5178876,,0,20,12,8,1,2,True,0,18,10,8,1,1,2,True,0,0,0,1,0,0
b4_mixed_expression,B,b4_mixed_expression,b9a2fab2e638bb7ed29af369fb11603fe40a8d18496f13b62f0c1e83f9407138,,0,24,14,10,1,2,True,0,18,10,8,1,1,2,True,0,0,0,1,1,0
b5_no_control_data,B,b5_no_control_data,d375bb504f8663c932be7e5d326a145140ca7e0219db43406ae99719a7f117b5,,0,34,26,8,1,3,True,0,34,26,8,1,1,3,True,0,0,0,0,0,0
b6_expression_only,B,b6_expression_only,e968f9a7c1368a3d879415655b7ad2a20b271886529d4372a5bdf82762d97b0d,,0,9,5,4,1,2,True,0,3,2,1,1,1,2,True,0,0,0,0,1,0
b7_control1_boundary,B,b7_control1_boundary,e5079e76e2a73afcb380735af415a2e35c2a87a910ade89eedd0162659f54f3e,,0,8,4,4,1,2,True,0,8,4,4,1,1,2,True,0,0,0,0,0,0
b8_control8,B,b8_control8,54149149c5efd2690f407c99e7e10bc68a15cd9566f7332d4c57f143068eb16e,,0,48,32,16,1,3,True,0,41,25,16,1,1,3,True,0,0,0,1,0,0
b9_shuffled_order,B,b9_shuffled_order,e442d118c64b08a228021afc9e641f7cbbbc7aec3d8784b5ec8ce0ac8a8ab5dd,,0,33,21,12,1,3,True,0,32,20,12,1,1,3,True,0,0,0,1,0,0
c1_partial_bits,C,c1_partial_bits,7c8c515d6a20d1423ba5279960846f1c121918d7d6116411e7a9823cea70275b,,0,7,3,4,1,2,True,0,3,1,2,1,1,2,True,0,0,0,0,1,0
c2_full_expression,C,c2_full_expression,cc053413a0258673974ce9e0592f64b8ed766ed4e1b49fb4d7aa7fbe5a78856e,,0,9,5,4,1,2,True,0,3,2,1,1,1,2,True,0,0,0,0,1,0
c3_nested_expression,C,c3_nested_expression,bc9d6ce533df2bca2862c095eeb22fc40ebf211c8bb90413e5bd1c6a62470d9e,,0,9,5,4,1,2,True,0,0,0,0,1,1,2,True,0,0,0,0,1,0
c4_reduction_ops,C,c4_reduction_ops,e3d12c56349c43fa15f7cb4aed97bd0c2112166c818bdfc12a190f29501525cc,,0,9,4,4,1,2,True,0,3,2,1,1,1,2,True,0,0,0,0,1,0
c5_partial_decode,C,c5_partial_decode,37d001502d5efee672ece15e1ee397c02a8b1a1741045fd95549860f045d1030,,0,13,8,4,1,2,True,0,7,6,1,1,1,2,True,0,0,0,0,1,0
c6_combinational,C,c6_combinational,f4a734f291e323fc77c6247433ab697ebd5909d1ee6253930e9fc53b537d8fb4,,0,4,4,0,1,2,True,0,4,4,0,1,1,2,True,0,0,0,0,1,0
c7_external_dependency,C,c7_external_dependency,6ba156e874ffcebc05fa4ee9409e6213c7330005ce7f76ff37e9e9c33db0d527,,0,13,9,4,1,2,True,0,13,9,4,1,1,2,True,0,0,0,0,0,0
c8_two_controls,C,c8_two_controls,7546ad821419a2474f95d611bc2ce32b266db97db7d82c6501d03b018167db4f,,0,20,12,8,2,"2,2",True,0,20,12,8,2,2,"2,2",True,0,0,0,0,2,0
d1_positive_single,D,top,9f99bb279f212358f2c7e02abec8b4aba80fe2898e65def0bbaea7b471217363,,0,5,3,1,0,,True,0,5,3,1,0,0,,True,0,0,0,0,0,0
d2_positive_pmux,D,top,d691c786b79dc651c28fb6e1b49dcf39999e7a12d1f833fdf457a7372fc4e73d,,0,9,7,2,1,2,True,0,9,7,2,1,1,2,True,0,0,0,0,0,2
d3_direct_output,D,top,0666b6e82210bacbbd3487741c8ca0bc8f96b98427f566afe3cc637b801289fb,,0,6,4,1,0,,True,0,6,4,1,0,0,,True,0,0,0,0,0,0
d4_pmux_extra_user,D,top,33009a92095906f00f46b292ebb2f24e349eae38feffb15210c8edfe2b5645f7,,0,9,7,2,1,2,True,0,9,7,2,1,1,2,True,0,0,0,0,0,0
d5_no_guard,D,top,cc996ad6033da0150f99f201426e175c411b3d16dfce5bc0b7cb0a5b34743080,,0,5,3,1,0,,True,0,5,3,1,0,0,,True,0,0,0,0,0,0
d6_guard_mismatch,D,top,d1c32b0761b0df8d9455ed17b40063237cbd87d54b837c8f817fead507df179d,,0,2,0,1,0,,True,0,2,0,1,0,0,,True,0,0,0,0,0,0
d7_signed_eq,D,top,6bb224e61d8eee8cb819a9e088ac9c87332c17711b02d6620eee21ebbf4d6d77,,0,5,3,1,0,,True,0,5,3,1,0,0,,True,0,0,0,0,0,0
d8_guard_zero,D,top,77e923860f8c2838e0646a30e93d7a3cfdebfffd1838cb2533b2212c4b489cdb,,0,5,3,1,0,,True,0,5,3,1,0,0,,True,0,0,0,0,0,0
h1_n1_three_special,H1,h1_n1_three_special,8d8ad6ca157d3d906557d212dcf8ff068c29d3e728ecfd406c5a2b7de2f926f8,拒绝(0/0),0,104,104,0,2,"16,16",True,0,104,104,0,2,2,"16,16",True,0,0,0,0,0,0
h1_n2_small_two_special,H1,h1_n2_small_two_special,21082fa172d4d2f0b052ceeb51c8453f9a98057d781df7a0fd6c8713bdda7eb8,拒绝(0/0),0,48,48,0,2,"8,8",True,0,48,48,0,2,2,"8,8",True,0,0,0,0,0,0
h1_n3_width_mismatch,H1,h1_n3_width_mismatch,b3d0174519c4c358c85a29161d01aef46188455fecff4b2e3c7159609c2da6dc,拒绝(0/0),0,148,148,0,2,"16,16",True,0,148,148,0,2,2,"16,16",True,0,0,0,0,0,0
h1_n4_different_control,H1,h1_n4_different_control,3719500cfc7554d24e8b73b2c2de743fcf2fcfa9d88f7eb38e8eba657589b9eb,拒绝(0/0),0,120,120,0,2,"16,16",True,0,120,120,0,2,2,"16,16",True,0,0,0,0,0,0
h1_n5_partial_decode,H1,h1_n5_partial_decode,6f4fa94dabcb93f2b248537e235857c34673202c5c8de6b8eb5cc965d280e727,拒绝(0/0),0,103,103,0,2,"15,15",True,0,103,103,0,2,2,"15,15",True,0,0,0,0,0,0
h1_n6_ctrlwidth1,H1,h1_n6_ctrlwidth1,294eebd4d4074d7c3d9b3475d84d9cb50547d325b236486f4b847dfe6bd6848e,拒绝(0/0),0,8,8,0,2,"2,2",True,0,8,8,0,2,2,"2,2",True,0,0,0,0,0,0
h1_p1_threshold,H1,h1_p1_threshold,6a4cf224209a028c3f6394701f138ca0bfdf1686f04e73ccda8141197ba875e8,接受阈值(0/1),0,104,104,0,2,"16,16",True,0,84,84,0,2,2,"16,16",True,0,0,1,0,0,0
h1_p2_swapbit2,H1,h1_p2_swapbit2,f3b6c8834f3ffacf7aea73300ed672dfa131ed6be62e465b6f47f602191cfebf,非零swap bit(0/1),0,192,192,0,2,"16,16",True,0,168,168,0,2,2,"16,16",True,0,0,1,0,0,0
h1_p3_shuffle,H1,h1_p3_shuffle,8eaec4fe7abd2709f177a63c19ad5539effd89731b7da486b260a354705daa80,分支乱序(0/1),0,60,60,0,2,"16,16",True,0,46,46,0,2,2,"16,16",True,0,0,1,0,0,0
h1_p4_large,H1,h1_p4_large,deacfa29397a9ff8b2dde4018b0a9b36876e57e36098bbda592e26279704a7e3,较大结构(0/1),0,797,797,0,2,"32,32",True,0,355,355,0,2,2,"32,32",True,0,0,1,0,0,0
h1_p5_zero_special,H1,h1_p5_zero_special,a192d0d2040a5f6d6dd43be0c7557c2f9028ef35c6f1bad92d3d373a06bca61d,旧功能(1/1),0,104,104,0,2,"16,16",True,0,56,56,0,2,2,"16,16",True,0,0,1,0,0,0
h1_p6_one_special,H1,h1_p6_one_special,304421b9064c35c49af713d1c1fa3422ece89b0ec055c7702c8f2fed3b6873ea,旧功能(1/1),0,60,60,0,2,"16,16",True,0,43,43,0,2,2,"16,16",True,0,0,1,0,0,0
